equip_id,level,cost,add_value
装备id,等级,消耗银币,增加属性
number,number,number,number
20000001,1,720,6
20000001,2,1080,12
20000001,3,1440,18
20000001,4,1800,24
20000001,5,2160,30
20000001,6,2520,36
20000001,7,2880,42
20000001,8,3240,48
20000001,9,3600,54
20000001,10,3960,60
20000001,11,4320,66
20000001,12,4680,72
20000001,13,5040,78
20000001,14,5400,84
20000001,15,5760,90
20000001,16,6120,96
20000001,17,6480,102
20000001,18,6840,108
20000001,19,7200,114
20000001,20,7560,120
20000001,21,7920,126
20000001,22,8280,132
20000001,23,8640,138
20000001,24,9000,144
20000001,25,9360,150
20000001,26,9720,156
20000001,27,10080,162
20000001,28,10440,168
20000001,29,10800,174
20000001,30,11160,180
20000001,31,11520,186
20000001,32,11880,192
20000001,33,12240,198
20000001,34,12600,204
20000001,35,12960,210
20000001,36,13320,216
20000001,37,13680,222
20000001,38,14040,228
20000001,39,14400,234
20000001,40,14760,240
20000001,41,15120,246
20000001,42,15480,252
20000001,43,15840,258
20000001,44,16200,264
20000001,45,16560,270
20000001,46,16920,276
20000001,47,17280,282
20000001,48,17640,288
20000001,49,18000,294
20000001,50,18360,300
20000001,51,18720,306
20000001,52,19080,312
20000001,53,19440,318
20000001,54,19800,324
20000001,55,20160,330
20000001,56,20520,336
20000001,57,20880,342
20000001,58,21240,348
20000001,59,21600,354
20000001,60,21960,360
20000001,61,22320,366
20000001,62,22680,372
20000001,63,23040,378
20000001,64,23400,384
20000001,65,23760,390
20000001,66,24120,396
20000001,67,24480,402
20000001,68,24840,408
20000001,69,25200,414
20000001,70,25560,420
20000001,71,25920,426
20000001,72,26280,432
20000001,73,26640,438
20000001,74,27000,444
20000001,75,27360,450
20000001,76,27720,456
20000001,77,28080,462
20000001,78,28440,468
20000001,79,28800,474
20000001,80,29160,480
20000001,81,29520,486
20000001,82,29880,492
20000001,83,30240,498
20000001,84,30600,504
20000001,85,30960,510
20000001,86,31320,516
20000001,87,31680,522
20000001,88,32040,528
20000001,89,32400,534
20000001,90,32760,540
20000001,91,33120,546
20000001,92,33480,552
20000001,93,33840,558
20000001,94,34200,564
20000001,95,34560,570
20000001,96,34920,576
20000001,97,35280,582
20000001,98,35640,588
20000001,99,36006,594
20000001,100,36384,600
20000001,101,36762,606
20000001,102,37140,612
20000001,103,37518,618
20000001,104,37896,624
20000001,105,38274,630
20000001,106,38652,636
20000001,107,39030,642
20000001,108,39408,648
20000001,109,39786,654
20000001,110,40164,660
20000001,111,40542,666
20000001,112,40920,672
20000001,113,41298,678
20000001,114,41676,684
20000001,115,42054,690
20000001,116,42432,696
20000001,117,42810,702
20000001,118,43188,708
20000001,119,43566,714
20000001,120,43944,720
20000001,121,44322,726
20000001,122,44700,732
20000001,123,45078,738
20000001,124,45456,744
20000001,125,45834,750
20000001,126,46212,756
20000001,127,46590,762
20000001,128,46968,768
20000001,129,47346,774
20000001,130,47724,780
20000001,131,48102,786
20000001,132,48480,792
20000001,133,48858,798
20000001,134,49236,804
20000001,135,49614,810
20000001,136,49992,816
20000001,137,50370,822
20000001,138,50748,828
20000001,139,51126,834
20000001,140,51504,840
20000001,141,51882,846
20000001,142,52260,852
20000001,143,52638,858
20000001,144,53016,864
20000001,145,53406,870
20000001,146,53802,876
20000001,147,54198,882
20000001,148,54594,888
20000001,149,54990,894
20000001,150,55386,900
20000001,151,55782,906
20000001,152,56178,912
20000001,153,56574,918
20000001,154,56970,924
20000001,155,57366,930
20000001,156,57762,936
20000001,157,58158,942
20000001,158,58554,948
20000001,159,58950,954
20000001,160,59346,960
20000001,161,59742,966
20000001,162,60138,972
20000001,163,60534,978
20000001,164,60930,984
20000001,165,61326,990
20000001,166,61722,996
20000001,167,62118,1002
20000001,168,62514,1008
20000001,169,62910,1014
20000001,170,63306,1020
20000001,171,63702,1026
20000001,172,64098,1032
20000001,173,64494,1038
20000001,174,64890,1044
20000001,175,65286,1050
20000001,176,65682,1056
20000001,177,66078,1062
20000001,178,66474,1068
20000001,179,66870,1074
20000001,180,67272,1080
20000002,1,360,3
20000002,2,540,6
20000002,3,720,9
20000002,4,900,12
20000002,5,1080,15
20000002,6,1260,18
20000002,7,1440,21
20000002,8,1620,24
20000002,9,1800,27
20000002,10,1980,30
20000002,11,2160,33
20000002,12,2340,36
20000002,13,2520,39
20000002,14,2700,42
20000002,15,2880,45
20000002,16,3060,48
20000002,17,3240,51
20000002,18,3420,54
20000002,19,3600,57
20000002,20,3780,60
20000002,21,3960,63
20000002,22,4140,66
20000002,23,4320,69
20000002,24,4500,72
20000002,25,4680,75
20000002,26,4860,78
20000002,27,5040,81
20000002,28,5220,84
20000002,29,5400,87
20000002,30,5580,90
20000002,31,5760,93
20000002,32,5940,96
20000002,33,6120,99
20000002,34,6300,102
20000002,35,6480,105
20000002,36,6660,108
20000002,37,6840,111
20000002,38,7020,114
20000002,39,7200,117
20000002,40,7380,120
20000002,41,7560,123
20000002,42,7740,126
20000002,43,7920,129
20000002,44,8100,132
20000002,45,8280,135
20000002,46,8460,138
20000002,47,8640,141
20000002,48,8820,144
20000002,49,9000,147
20000002,50,9180,150
20000002,51,9360,153
20000002,52,9540,156
20000002,53,9720,159
20000002,54,9900,162
20000002,55,10080,165
20000002,56,10260,168
20000002,57,10440,171
20000002,58,10620,174
20000002,59,10800,177
20000002,60,10980,180
20000002,61,11160,183
20000002,62,11340,186
20000002,63,11520,189
20000002,64,11700,192
20000002,65,11880,195
20000002,66,12060,198
20000002,67,12240,201
20000002,68,12420,204
20000002,69,12600,207
20000002,70,12780,210
20000002,71,12960,213
20000002,72,13140,216
20000002,73,13320,219
20000002,74,13500,222
20000002,75,13680,225
20000002,76,13860,228
20000002,77,14040,231
20000002,78,14220,234
20000002,79,14400,237
20000002,80,14580,240
20000002,81,14760,243
20000002,82,14940,246
20000002,83,15120,249
20000002,84,15300,252
20000002,85,15480,255
20000002,86,15660,258
20000002,87,15840,261
20000002,88,16020,264
20000002,89,16200,267
20000002,90,16380,270
20000002,91,16560,273
20000002,92,16740,276
20000002,93,16920,279
20000002,94,17100,282
20000002,95,17280,285
20000002,96,17460,288
20000002,97,17640,291
20000002,98,17820,294
20000002,99,18003,297
20000002,100,18192,300
20000002,101,18381,303
20000002,102,18570,306
20000002,103,18759,309
20000002,104,18948,312
20000002,105,19137,315
20000002,106,19326,318
20000002,107,19515,321
20000002,108,19704,324
20000002,109,19893,327
20000002,110,20082,330
20000002,111,20271,333
20000002,112,20460,336
20000002,113,20649,339
20000002,114,20838,342
20000002,115,21027,345
20000002,116,21216,348
20000002,117,21405,351
20000002,118,21594,354
20000002,119,21783,357
20000002,120,21972,360
20000002,121,22161,363
20000002,122,22350,366
20000002,123,22539,369
20000002,124,22728,372
20000002,125,22917,375
20000002,126,23106,378
20000002,127,23295,381
20000002,128,23484,384
20000002,129,23673,387
20000002,130,23862,390
20000002,131,24051,393
20000002,132,24240,396
20000002,133,24429,399
20000002,134,24618,402
20000002,135,24807,405
20000002,136,24996,408
20000002,137,25185,411
20000002,138,25374,414
20000002,139,25563,417
20000002,140,25752,420
20000002,141,25941,423
20000002,142,26130,426
20000002,143,26319,429
20000002,144,26508,432
20000002,145,26703,435
20000002,146,26901,438
20000002,147,27099,441
20000002,148,27297,444
20000002,149,27495,447
20000002,150,27693,450
20000002,151,27891,453
20000002,152,28089,456
20000002,153,28287,459
20000002,154,28485,462
20000002,155,28683,465
20000002,156,28881,468
20000002,157,29079,471
20000002,158,29277,474
20000002,159,29475,477
20000002,160,29673,480
20000002,161,29871,483
20000002,162,30069,486
20000002,163,30267,489
20000002,164,30465,492
20000002,165,30663,495
20000002,166,30861,498
20000002,167,31059,501
20000002,168,31257,504
20000002,169,31455,507
20000002,170,31653,510
20000002,171,31851,513
20000002,172,32049,516
20000002,173,32247,519
20000002,174,32445,522
20000002,175,32643,525
20000002,176,32841,528
20000002,177,33039,531
20000002,178,33237,534
20000002,179,33435,537
20000002,180,33636,540
20000003,1,360,48
20000003,2,540,96
20000003,3,720,144
20000003,4,900,192
20000003,5,1080,240
20000003,6,1260,288
20000003,7,1440,336
20000003,8,1620,384
20000003,9,1800,432
20000003,10,1980,480
20000003,11,2160,528
20000003,12,2340,576
20000003,13,2520,624
20000003,14,2700,672
20000003,15,2880,720
20000003,16,3060,768
20000003,17,3240,816
20000003,18,3420,864
20000003,19,3600,912
20000003,20,3780,960
20000003,21,3960,1008
20000003,22,4140,1056
20000003,23,4320,1104
20000003,24,4500,1152
20000003,25,4680,1200
20000003,26,4860,1248
20000003,27,5040,1296
20000003,28,5220,1344
20000003,29,5400,1392
20000003,30,5580,1440
20000003,31,5760,1488
20000003,32,5940,1536
20000003,33,6120,1584
20000003,34,6300,1632
20000003,35,6480,1680
20000003,36,6660,1728
20000003,37,6840,1776
20000003,38,7020,1824
20000003,39,7200,1872
20000003,40,7380,1920
20000003,41,7560,1968
20000003,42,7740,2016
20000003,43,7920,2064
20000003,44,8100,2112
20000003,45,8280,2160
20000003,46,8460,2208
20000003,47,8640,2256
20000003,48,8820,2304
20000003,49,9000,2352
20000003,50,9180,2400
20000003,51,9360,2448
20000003,52,9540,2496
20000003,53,9720,2544
20000003,54,9900,2592
20000003,55,10080,2640
20000003,56,10260,2688
20000003,57,10440,2736
20000003,58,10620,2784
20000003,59,10800,2832
20000003,60,10980,2880
20000003,61,11160,2928
20000003,62,11340,2976
20000003,63,11520,3024
20000003,64,11700,3072
20000003,65,11880,3120
20000003,66,12060,3168
20000003,67,12240,3216
20000003,68,12420,3264
20000003,69,12600,3312
20000003,70,12780,3360
20000003,71,12960,3408
20000003,72,13140,3456
20000003,73,13320,3504
20000003,74,13500,3552
20000003,75,13680,3600
20000003,76,13860,3648
20000003,77,14040,3696
20000003,78,14220,3744
20000003,79,14400,3792
20000003,80,14580,3840
20000003,81,14760,3888
20000003,82,14940,3936
20000003,83,15120,3984
20000003,84,15300,4032
20000003,85,15480,4080
20000003,86,15660,4128
20000003,87,15840,4176
20000003,88,16020,4224
20000003,89,16200,4272
20000003,90,16380,4320
20000003,91,16560,4368
20000003,92,16740,4416
20000003,93,16920,4464
20000003,94,17100,4512
20000003,95,17280,4560
20000003,96,17460,4608
20000003,97,17640,4656
20000003,98,17820,4704
20000003,99,18003,4752
20000003,100,18192,4800
20000003,101,18381,4848
20000003,102,18570,4896
20000003,103,18759,4944
20000003,104,18948,4992
20000003,105,19137,5040
20000003,106,19326,5088
20000003,107,19515,5136
20000003,108,19704,5184
20000003,109,19893,5232
20000003,110,20082,5280
20000003,111,20271,5328
20000003,112,20460,5376
20000003,113,20649,5424
20000003,114,20838,5472
20000003,115,21027,5520
20000003,116,21216,5568
20000003,117,21405,5616
20000003,118,21594,5664
20000003,119,21783,5712
20000003,120,21972,5760
20000003,121,22161,5808
20000003,122,22350,5856
20000003,123,22539,5904
20000003,124,22728,5952
20000003,125,22917,6000
20000003,126,23106,6048
20000003,127,23295,6096
20000003,128,23484,6144
20000003,129,23673,6192
20000003,130,23862,6240
20000003,131,24051,6288
20000003,132,24240,6336
20000003,133,24429,6384
20000003,134,24618,6432
20000003,135,24807,6480
20000003,136,24996,6528
20000003,137,25185,6576
20000003,138,25374,6624
20000003,139,25563,6672
20000003,140,25752,6720
20000003,141,25941,6768
20000003,142,26130,6816
20000003,143,26319,6864
20000003,144,26508,6912
20000003,145,26703,6960
20000003,146,26901,7008
20000003,147,27099,7056
20000003,148,27297,7104
20000003,149,27495,7152
20000003,150,27693,7200
20000003,151,27891,7248
20000003,152,28089,7296
20000003,153,28287,7344
20000003,154,28485,7392
20000003,155,28683,7440
20000003,156,28881,7488
20000003,157,29079,7536
20000003,158,29277,7584
20000003,159,29475,7632
20000003,160,29673,7680
20000003,161,29871,7728
20000003,162,30069,7776
20000003,163,30267,7824
20000003,164,30465,7872
20000003,165,30663,7920
20000003,166,30861,7968
20000003,167,31059,8016
20000003,168,31257,8064
20000003,169,31455,8112
20000003,170,31653,8160
20000003,171,31851,8208
20000003,172,32049,8256
20000003,173,32247,8304
20000003,174,32445,8352
20000003,175,32643,8400
20000003,176,32841,8448
20000003,177,33039,8496
20000003,178,33237,8544
20000003,179,33435,8592
20000003,180,33636,8640
20100001,1,1040,8
20100001,2,1680,16
20100001,3,2320,24
20100001,4,2960,32
20100001,5,3600,40
20100001,6,4240,48
20100001,7,4880,56
20100001,8,5520,64
20100001,9,6160,72
20100001,10,6800,80
20100001,11,7440,88
20100001,12,8080,96
20100001,13,8720,104
20100001,14,9360,112
20100001,15,10000,120
20100001,16,10640,128
20100001,17,11280,136
20100001,18,11920,144
20100001,19,12560,152
20100001,20,13200,160
20100001,21,13840,168
20100001,22,14480,176
20100001,23,15120,184
20100001,24,15760,192
20100001,25,16400,200
20100001,26,17040,208
20100001,27,17680,216
20100001,28,18320,224
20100001,29,18960,232
20100001,30,19600,240
20100001,31,20240,248
20100001,32,20880,256
20100001,33,21520,264
20100001,34,22160,272
20100001,35,22800,280
20100001,36,23440,288
20100001,37,24080,296
20100001,38,24720,304
20100001,39,25360,312
20100001,40,26000,320
20100001,41,26640,328
20100001,42,27280,336
20100001,43,27920,344
20100001,44,28560,352
20100001,45,29200,360
20100001,46,29840,368
20100001,47,30480,376
20100001,48,31120,384
20100001,49,31760,392
20100001,50,32400,400
20100001,51,33040,408
20100001,52,33680,416
20100001,53,34320,424
20100001,54,34960,432
20100001,55,35600,440
20100001,56,36240,448
20100001,57,36880,456
20100001,58,37520,464
20100001,59,38160,472
20100001,60,38800,480
20100001,61,39440,488
20100001,62,40080,496
20100001,63,40720,504
20100001,64,41360,512
20100001,65,42000,520
20100001,66,42640,528
20100001,67,43280,536
20100001,68,43920,544
20100001,69,44560,552
20100001,70,45200,560
20100001,71,45840,568
20100001,72,46480,576
20100001,73,47120,584
20100001,74,47762,592
20100001,75,48428,600
20100001,76,49100,608
20100001,77,49772,616
20100001,78,50444,624
20100001,79,51116,632
20100001,80,51788,640
20100001,81,52460,648
20100001,82,53132,656
20100001,83,53804,664
20100001,84,54476,672
20100001,85,55148,680
20100001,86,55820,688
20100001,87,56492,696
20100001,88,57164,704
20100001,89,57836,712
20100001,90,58508,720
20100001,91,59180,728
20100001,92,59852,736
20100001,93,60524,744
20100001,94,61196,752
20100001,95,61868,760
20100001,96,62540,768
20100001,97,63212,776
20100001,98,63884,784
20100001,99,64556,792
20100001,100,65228,800
20100001,101,65900,808
20100001,102,66572,816
20100001,103,67244,824
20100001,104,67916,832
20100001,105,68588,840
20100001,106,69260,848
20100001,107,69932,856
20100001,108,70604,864
20100001,109,71296,872
20100001,110,72000,880
20100001,111,72704,888
20100001,112,73408,896
20100001,113,74112,904
20100001,114,74816,912
20100001,115,75520,920
20100001,116,76224,928
20100001,117,76928,936
20100001,118,77632,944
20100001,119,78336,952
20100001,120,79040,960
20100001,121,79744,968
20100001,122,80448,976
20100001,123,81152,984
20100001,124,81856,992
20100001,125,82560,1000
20100001,126,83264,1008
20100001,127,83968,1016
20100001,128,84672,1024
20100001,129,85376,1032
20100001,130,86080,1040
20100001,131,86784,1048
20100001,132,87488,1056
20100001,133,88192,1064
20100001,134,88896,1072
20100001,135,89606,1080
20100001,136,90340,1088
20100001,137,91076,1096
20100001,138,91812,1104
20100001,139,92548,1112
20100001,140,93284,1120
20100001,141,94020,1128
20100001,142,94756,1136
20100001,143,95492,1144
20100001,144,96228,1152
20100001,145,96964,1160
20100001,146,97700,1168
20100001,147,98436,1176
20100001,148,99172,1184
20100001,149,99908,1192
20100001,150,100644,1200
20100001,151,101380,1208
20100001,152,102116,1216
20100001,153,102852,1224
20100001,154,103588,1232
20100001,155,104324,1240
20100001,156,105060,1248
20100001,157,105798,1256
20100001,158,106560,1264
20100001,159,107328,1272
20100001,160,108096,1280
20100001,161,108864,1288
20100001,162,109632,1296
20100001,163,110400,1304
20100001,164,111168,1312
20100001,165,111936,1320
20100001,166,112704,1328
20100001,167,113472,1336
20100001,168,114240,1344
20100001,169,115008,1352
20100001,170,115776,1360
20100001,171,116544,1368
20100001,172,117312,1376
20100001,173,118080,1384
20100001,174,118848,1392
20100001,175,119616,1400
20100001,176,120384,1408
20100001,177,121164,1416
20100001,178,121964,1424
20100001,179,122764,1432
20100001,180,123564,1440
20100002,1,520,4
20100002,2,840,8
20100002,3,1160,12
20100002,4,1480,16
20100002,5,1800,20
20100002,6,2120,24
20100002,7,2440,28
20100002,8,2760,32
20100002,9,3080,36
20100002,10,3400,40
20100002,11,3720,44
20100002,12,4040,48
20100002,13,4360,52
20100002,14,4680,56
20100002,15,5000,60
20100002,16,5320,64
20100002,17,5640,68
20100002,18,5960,72
20100002,19,6280,76
20100002,20,6600,80
20100002,21,6920,84
20100002,22,7240,88
20100002,23,7560,92
20100002,24,7880,96
20100002,25,8200,100
20100002,26,8520,104
20100002,27,8840,108
20100002,28,9160,112
20100002,29,9480,116
20100002,30,9800,120
20100002,31,10120,124
20100002,32,10440,128
20100002,33,10760,132
20100002,34,11080,136
20100002,35,11400,140
20100002,36,11720,144
20100002,37,12040,148
20100002,38,12360,152
20100002,39,12680,156
20100002,40,13000,160
20100002,41,13320,164
20100002,42,13640,168
20100002,43,13960,172
20100002,44,14280,176
20100002,45,14600,180
20100002,46,14920,184
20100002,47,15240,188
20100002,48,15560,192
20100002,49,15880,196
20100002,50,16200,200
20100002,51,16520,204
20100002,52,16840,208
20100002,53,17160,212
20100002,54,17480,216
20100002,55,17800,220
20100002,56,18120,224
20100002,57,18440,228
20100002,58,18760,232
20100002,59,19080,236
20100002,60,19400,240
20100002,61,19720,244
20100002,62,20040,248
20100002,63,20360,252
20100002,64,20680,256
20100002,65,21000,260
20100002,66,21320,264
20100002,67,21640,268
20100002,68,21960,272
20100002,69,22280,276
20100002,70,22600,280
20100002,71,22920,284
20100002,72,23240,288
20100002,73,23560,292
20100002,74,23881,296
20100002,75,24214,300
20100002,76,24550,304
20100002,77,24886,308
20100002,78,25222,312
20100002,79,25558,316
20100002,80,25894,320
20100002,81,26230,324
20100002,82,26566,328
20100002,83,26902,332
20100002,84,27238,336
20100002,85,27574,340
20100002,86,27910,344
20100002,87,28246,348
20100002,88,28582,352
20100002,89,28918,356
20100002,90,29254,360
20100002,91,29590,364
20100002,92,29926,368
20100002,93,30262,372
20100002,94,30598,376
20100002,95,30934,380
20100002,96,31270,384
20100002,97,31606,388
20100002,98,31942,392
20100002,99,32278,396
20100002,100,32614,400
20100002,101,32950,404
20100002,102,33286,408
20100002,103,33622,412
20100002,104,33958,416
20100002,105,34294,420
20100002,106,34630,424
20100002,107,34966,428
20100002,108,35302,432
20100002,109,35648,436
20100002,110,36000,440
20100002,111,36352,444
20100002,112,36704,448
20100002,113,37056,452
20100002,114,37408,456
20100002,115,37760,460
20100002,116,38112,464
20100002,117,38464,468
20100002,118,38816,472
20100002,119,39168,476
20100002,120,39520,480
20100002,121,39872,484
20100002,122,40224,488
20100002,123,40576,492
20100002,124,40928,496
20100002,125,41280,500
20100002,126,41632,504
20100002,127,41984,508
20100002,128,42336,512
20100002,129,42688,516
20100002,130,43040,520
20100002,131,43392,524
20100002,132,43744,528
20100002,133,44096,532
20100002,134,44448,536
20100002,135,44803,540
20100002,136,45170,544
20100002,137,45538,548
20100002,138,45906,552
20100002,139,46274,556
20100002,140,46642,560
20100002,141,47010,564
20100002,142,47378,568
20100002,143,47746,572
20100002,144,48114,576
20100002,145,48482,580
20100002,146,48850,584
20100002,147,49218,588
20100002,148,49586,592
20100002,149,49954,596
20100002,150,50322,600
20100002,151,50690,604
20100002,152,51058,608
20100002,153,51426,612
20100002,154,51794,616
20100002,155,52162,620
20100002,156,52530,624
20100002,157,52899,628
20100002,158,53280,632
20100002,159,53664,636
20100002,160,54048,640
20100002,161,54432,644
20100002,162,54816,648
20100002,163,55200,652
20100002,164,55584,656
20100002,165,55968,660
20100002,166,56352,664
20100002,167,56736,668
20100002,168,57120,672
20100002,169,57504,676
20100002,170,57888,680
20100002,171,58272,684
20100002,172,58656,688
20100002,173,59040,692
20100002,174,59424,696
20100002,175,59808,700
20100002,176,60192,704
20100002,177,60582,708
20100002,178,60982,712
20100002,179,61382,716
20100002,180,61782,720
20100003,1,520,64
20100003,2,840,128
20100003,3,1160,192
20100003,4,1480,256
20100003,5,1800,320
20100003,6,2120,384
20100003,7,2440,448
20100003,8,2760,512
20100003,9,3080,576
20100003,10,3400,640
20100003,11,3720,704
20100003,12,4040,768
20100003,13,4360,832
20100003,14,4680,896
20100003,15,5000,960
20100003,16,5320,1024
20100003,17,5640,1088
20100003,18,5960,1152
20100003,19,6280,1216
20100003,20,6600,1280
20100003,21,6920,1344
20100003,22,7240,1408
20100003,23,7560,1472
20100003,24,7880,1536
20100003,25,8200,1600
20100003,26,8520,1664
20100003,27,8840,1728
20100003,28,9160,1792
20100003,29,9480,1856
20100003,30,9800,1920
20100003,31,10120,1984
20100003,32,10440,2048
20100003,33,10760,2112
20100003,34,11080,2176
20100003,35,11400,2240
20100003,36,11720,2304
20100003,37,12040,2368
20100003,38,12360,2432
20100003,39,12680,2496
20100003,40,13000,2560
20100003,41,13320,2624
20100003,42,13640,2688
20100003,43,13960,2752
20100003,44,14280,2816
20100003,45,14600,2880
20100003,46,14920,2944
20100003,47,15240,3008
20100003,48,15560,3072
20100003,49,15880,3136
20100003,50,16200,3200
20100003,51,16520,3264
20100003,52,16840,3328
20100003,53,17160,3392
20100003,54,17480,3456
20100003,55,17800,3520
20100003,56,18120,3584
20100003,57,18440,3648
20100003,58,18760,3712
20100003,59,19080,3776
20100003,60,19400,3840
20100003,61,19720,3904
20100003,62,20040,3968
20100003,63,20360,4032
20100003,64,20680,4096
20100003,65,21000,4160
20100003,66,21320,4224
20100003,67,21640,4288
20100003,68,21960,4352
20100003,69,22280,4416
20100003,70,22600,4480
20100003,71,22920,4544
20100003,72,23240,4608
20100003,73,23560,4672
20100003,74,23881,4736
20100003,75,24214,4800
20100003,76,24550,4864
20100003,77,24886,4928
20100003,78,25222,4992
20100003,79,25558,5056
20100003,80,25894,5120
20100003,81,26230,5184
20100003,82,26566,5248
20100003,83,26902,5312
20100003,84,27238,5376
20100003,85,27574,5440
20100003,86,27910,5504
20100003,87,28246,5568
20100003,88,28582,5632
20100003,89,28918,5696
20100003,90,29254,5760
20100003,91,29590,5824
20100003,92,29926,5888
20100003,93,30262,5952
20100003,94,30598,6016
20100003,95,30934,6080
20100003,96,31270,6144
20100003,97,31606,6208
20100003,98,31942,6272
20100003,99,32278,6336
20100003,100,32614,6400
20100003,101,32950,6464
20100003,102,33286,6528
20100003,103,33622,6592
20100003,104,33958,6656
20100003,105,34294,6720
20100003,106,34630,6784
20100003,107,34966,6848
20100003,108,35302,6912
20100003,109,35648,6976
20100003,110,36000,7040
20100003,111,36352,7104
20100003,112,36704,7168
20100003,113,37056,7232
20100003,114,37408,7296
20100003,115,37760,7360
20100003,116,38112,7424
20100003,117,38464,7488
20100003,118,38816,7552
20100003,119,39168,7616
20100003,120,39520,7680
20100003,121,39872,7744
20100003,122,40224,7808
20100003,123,40576,7872
20100003,124,40928,7936
20100003,125,41280,8000
20100003,126,41632,8064
20100003,127,41984,8128
20100003,128,42336,8192
20100003,129,42688,8256
20100003,130,43040,8320
20100003,131,43392,8384
20100003,132,43744,8448
20100003,133,44096,8512
20100003,134,44448,8576
20100003,135,44803,8640
20100003,136,45170,8704
20100003,137,45538,8768
20100003,138,45906,8832
20100003,139,46274,8896
20100003,140,46642,8960
20100003,141,47010,9024
20100003,142,47378,9088
20100003,143,47746,9152
20100003,144,48114,9216
20100003,145,48482,9280
20100003,146,48850,9344
20100003,147,49218,9408
20100003,148,49586,9472
20100003,149,49954,9536
20100003,150,50322,9600
20100003,151,50690,9664
20100003,152,51058,9728
20100003,153,51426,9792
20100003,154,51794,9856
20100003,155,52162,9920
20100003,156,52530,9984
20100003,157,52899,10048
20100003,158,53280,10112
20100003,159,53664,10176
20100003,160,54048,10240
20100003,161,54432,10304
20100003,162,54816,10368
20100003,163,55200,10432
20100003,164,55584,10496
20100003,165,55968,10560
20100003,166,56352,10624
20100003,167,56736,10688
20100003,168,57120,10752
20100003,169,57504,10816
20100003,170,57888,10880
20100003,171,58272,10944
20100003,172,58656,11008
20100003,173,59040,11072
20100003,174,59424,11136
20100003,175,59808,11200
20100003,176,60192,11264
20100003,177,60582,11328
20100003,178,60982,11392
20100003,179,61382,11456
20100003,180,61782,11520
20200001,1,1400,10
20200001,2,2400,20
20200001,3,3400,30
20200001,4,4400,40
20200001,5,5400,50
20200001,6,6400,60
20200001,7,7400,70
20200001,8,8400,80
20200001,9,9400,90
20200001,10,10400,100
20200001,11,11400,110
20200001,12,12400,120
20200001,13,13400,130
20200001,14,14400,140
20200001,15,15400,150
20200001,16,16400,160
20200001,17,17400,170
20200001,18,18400,180
20200001,19,19400,190
20200001,20,20400,200
20200001,21,21400,210
20200001,22,22400,220
20200001,23,23400,230
20200001,24,24400,240
20200001,25,25400,250
20200001,26,26400,260
20200001,27,27400,270
20200001,28,28400,280
20200001,29,29400,290
20200001,30,30400,300
20200001,31,31400,310
20200001,32,32400,320
20200001,33,33400,330
20200001,34,34400,340
20200001,35,35400,350
20200001,36,36400,360
20200001,37,37400,370
20200001,38,38400,380
20200001,39,39400,390
20200001,40,40400,400
20200001,41,41400,410
20200001,42,42400,420
20200001,43,43400,430
20200001,44,44400,440
20200001,45,45400,450
20200001,46,46400,460
20200001,47,47400,470
20200001,48,48400,480
20200001,49,49400,490
20200001,50,50400,500
20200001,51,51400,510
20200001,52,52400,520
20200001,53,53400,530
20200001,54,54400,540
20200001,55,55400,550
20200001,56,56400,560
20200001,57,57400,570
20200001,58,58400,580
20200001,59,59400,590
20200001,60,60430,600
20200001,61,61480,610
20200001,62,62530,620
20200001,63,63580,630
20200001,64,64630,640
20200001,65,65680,650
20200001,66,66730,660
20200001,67,67780,670
20200001,68,68830,680
20200001,69,69880,690
20200001,70,70930,700
20200001,71,71980,710
20200001,72,73030,720
20200001,73,74080,730
20200001,74,75130,740
20200001,75,76180,750
20200001,76,77230,760
20200001,77,78280,770
20200001,78,79330,780
20200001,79,80380,790
20200001,80,81430,800
20200001,81,82480,810
20200001,82,83530,820
20200001,83,84580,830
20200001,84,85630,840
20200001,85,86680,850
20200001,86,87730,860
20200001,87,88792,870
20200001,88,89890,880
20200001,89,90990,890
20200001,90,92090,900
20200001,91,93190,910
20200001,92,94290,920
20200001,93,95390,930
20200001,94,96490,940
20200001,95,97590,950
20200001,96,98690,960
20200001,97,99790,970
20200001,98,100890,980
20200001,99,101990,990
20200001,100,103090,1000
20200001,101,104190,1010
20200001,102,105290,1020
20200001,103,106390,1030
20200001,104,107490,1040
20200001,105,108590,1050
20200001,106,109690,1060
20200001,107,110790,1070
20200001,108,111896,1080
20200001,109,113040,1090
20200001,110,114190,1100
20200001,111,115340,1110
20200001,112,116490,1120
20200001,113,117640,1130
20200001,114,118790,1140
20200001,115,119940,1150
20200001,116,121090,1160
20200001,117,122240,1170
20200001,118,123390,1180
20200001,119,124540,1190
20200001,120,125690,1200
20200001,121,126840,1210
20200001,122,127990,1220
20200001,123,129140,1230
20200001,124,130290,1240
20200001,125,131440,1250
20200001,126,132602,1260
20200001,127,133800,1270
20200001,128,135000,1280
20200001,129,136200,1290
20200001,130,137400,1300
20200001,131,138600,1310
20200001,132,139800,1320
20200001,133,141000,1330
20200001,134,142200,1340
20200001,135,143400,1350
20200001,136,144600,1360
20200001,137,145800,1370
20200001,138,147000,1380
20200001,139,148200,1390
20200001,140,149400,1400
20200001,141,150600,1410
20200001,142,151830,1420
20200001,143,153080,1430
20200001,144,154330,1440
20200001,145,155580,1450
20200001,146,156830,1460
20200001,147,158080,1470
20200001,148,159330,1480
20200001,149,160580,1490
20200001,150,161830,1500
20200001,151,163080,1510
20200001,152,164330,1520
20200001,153,165580,1530
20200001,154,166830,1540
20200001,155,168080,1550
20200001,156,169350,1560
20200001,157,170650,1570
20200001,158,171950,1580
20200001,159,173250,1590
20200001,160,174550,1600
20200001,161,175850,1610
20200001,162,177150,1620
20200001,163,178450,1630
20200001,164,179750,1640
20200001,165,181050,1650
20200001,166,182350,1660
20200001,167,183650,1670
20200001,168,184950,1680
20200001,169,186262,1690
20200001,170,187610,1700
20200001,171,188960,1710
20200001,172,190310,1720
20200001,173,191660,1730
20200001,174,193010,1740
20200001,175,194360,1750
20200001,176,195710,1760
20200001,177,197060,1770
20200001,178,198410,1780
20200001,179,199760,1790
20200001,180,201110,1800
20200002,1,700,5
20200002,2,1200,10
20200002,3,1700,15
20200002,4,2200,20
20200002,5,2700,25
20200002,6,3200,30
20200002,7,3700,35
20200002,8,4200,40
20200002,9,4700,45
20200002,10,5200,50
20200002,11,5700,55
20200002,12,6200,60
20200002,13,6700,65
20200002,14,7200,70
20200002,15,7700,75
20200002,16,8200,80
20200002,17,8700,85
20200002,18,9200,90
20200002,19,9700,95
20200002,20,10200,100
20200002,21,10700,105
20200002,22,11200,110
20200002,23,11700,115
20200002,24,12200,120
20200002,25,12700,125
20200002,26,13200,130
20200002,27,13700,135
20200002,28,14200,140
20200002,29,14700,145
20200002,30,15200,150
20200002,31,15700,155
20200002,32,16200,160
20200002,33,16700,165
20200002,34,17200,170
20200002,35,17700,175
20200002,36,18200,180
20200002,37,18700,185
20200002,38,19200,190
20200002,39,19700,195
20200002,40,20200,200
20200002,41,20700,205
20200002,42,21200,210
20200002,43,21700,215
20200002,44,22200,220
20200002,45,22700,225
20200002,46,23200,230
20200002,47,23700,235
20200002,48,24200,240
20200002,49,24700,245
20200002,50,25200,250
20200002,51,25700,255
20200002,52,26200,260
20200002,53,26700,265
20200002,54,27200,270
20200002,55,27700,275
20200002,56,28200,280
20200002,57,28700,285
20200002,58,29200,290
20200002,59,29700,295
20200002,60,30215,300
20200002,61,30740,305
20200002,62,31265,310
20200002,63,31790,315
20200002,64,32315,320
20200002,65,32840,325
20200002,66,33365,330
20200002,67,33890,335
20200002,68,34415,340
20200002,69,34940,345
20200002,70,35465,350
20200002,71,35990,355
20200002,72,36515,360
20200002,73,37040,365
20200002,74,37565,370
20200002,75,38090,375
20200002,76,38615,380
20200002,77,39140,385
20200002,78,39665,390
20200002,79,40190,395
20200002,80,40715,400
20200002,81,41240,405
20200002,82,41765,410
20200002,83,42290,415
20200002,84,42815,420
20200002,85,43340,425
20200002,86,43865,430
20200002,87,44396,435
20200002,88,44945,440
20200002,89,45495,445
20200002,90,46045,450
20200002,91,46595,455
20200002,92,47145,460
20200002,93,47695,465
20200002,94,48245,470
20200002,95,48795,475
20200002,96,49345,480
20200002,97,49895,485
20200002,98,50445,490
20200002,99,50995,495
20200002,100,51545,500
20200002,101,52095,505
20200002,102,52645,510
20200002,103,53195,515
20200002,104,53745,520
20200002,105,54295,525
20200002,106,54845,530
20200002,107,55395,535
20200002,108,55948,540
20200002,109,56520,545
20200002,110,57095,550
20200002,111,57670,555
20200002,112,58245,560
20200002,113,58820,565
20200002,114,59395,570
20200002,115,59970,575
20200002,116,60545,580
20200002,117,61120,585
20200002,118,61695,590
20200002,119,62270,595
20200002,120,62845,600
20200002,121,63420,605
20200002,122,63995,610
20200002,123,64570,615
20200002,124,65145,620
20200002,125,65720,625
20200002,126,66301,630
20200002,127,66900,635
20200002,128,67500,640
20200002,129,68100,645
20200002,130,68700,650
20200002,131,69300,655
20200002,132,69900,660
20200002,133,70500,665
20200002,134,71100,670
20200002,135,71700,675
20200002,136,72300,680
20200002,137,72900,685
20200002,138,73500,690
20200002,139,74100,695
20200002,140,74700,700
20200002,141,75300,705
20200002,142,75915,710
20200002,143,76540,715
20200002,144,77165,720
20200002,145,77790,725
20200002,146,78415,730
20200002,147,79040,735
20200002,148,79665,740
20200002,149,80290,745
20200002,150,80915,750
20200002,151,81540,755
20200002,152,82165,760
20200002,153,82790,765
20200002,154,83415,770
20200002,155,84040,775
20200002,156,84675,780
20200002,157,85325,785
20200002,158,85975,790
20200002,159,86625,795
20200002,160,87275,800
20200002,161,87925,805
20200002,162,88575,810
20200002,163,89225,815
20200002,164,89875,820
20200002,165,90525,825
20200002,166,91175,830
20200002,167,91825,835
20200002,168,92475,840
20200002,169,93131,845
20200002,170,93805,850
20200002,171,94480,855
20200002,172,95155,860
20200002,173,95830,865
20200002,174,96505,870
20200002,175,97180,875
20200002,176,97855,880
20200002,177,98530,885
20200002,178,99205,890
20200002,179,99880,895
20200002,180,100555,900
20200003,1,700,80
20200003,2,1200,160
20200003,3,1700,240
20200003,4,2200,320
20200003,5,2700,400
20200003,6,3200,480
20200003,7,3700,560
20200003,8,4200,640
20200003,9,4700,720
20200003,10,5200,800
20200003,11,5700,880
20200003,12,6200,960
20200003,13,6700,1040
20200003,14,7200,1120
20200003,15,7700,1200
20200003,16,8200,1280
20200003,17,8700,1360
20200003,18,9200,1440
20200003,19,9700,1520
20200003,20,10200,1600
20200003,21,10700,1680
20200003,22,11200,1760
20200003,23,11700,1840
20200003,24,12200,1920
20200003,25,12700,2000
20200003,26,13200,2080
20200003,27,13700,2160
20200003,28,14200,2240
20200003,29,14700,2320
20200003,30,15200,2400
20200003,31,15700,2480
20200003,32,16200,2560
20200003,33,16700,2640
20200003,34,17200,2720
20200003,35,17700,2800
20200003,36,18200,2880
20200003,37,18700,2960
20200003,38,19200,3040
20200003,39,19700,3120
20200003,40,20200,3200
20200003,41,20700,3280
20200003,42,21200,3360
20200003,43,21700,3440
20200003,44,22200,3520
20200003,45,22700,3600
20200003,46,23200,3680
20200003,47,23700,3760
20200003,48,24200,3840
20200003,49,24700,3920
20200003,50,25200,4000
20200003,51,25700,4080
20200003,52,26200,4160
20200003,53,26700,4240
20200003,54,27200,4320
20200003,55,27700,4400
20200003,56,28200,4480
20200003,57,28700,4560
20200003,58,29200,4640
20200003,59,29700,4720
20200003,60,30215,4800
20200003,61,30740,4880
20200003,62,31265,4960
20200003,63,31790,5040
20200003,64,32315,5120
20200003,65,32840,5200
20200003,66,33365,5280
20200003,67,33890,5360
20200003,68,34415,5440
20200003,69,34940,5520
20200003,70,35465,5600
20200003,71,35990,5680
20200003,72,36515,5760
20200003,73,37040,5840
20200003,74,37565,5920
20200003,75,38090,6000
20200003,76,38615,6080
20200003,77,39140,6160
20200003,78,39665,6240
20200003,79,40190,6320
20200003,80,40715,6400
20200003,81,41240,6480
20200003,82,41765,6560
20200003,83,42290,6640
20200003,84,42815,6720
20200003,85,43340,6800
20200003,86,43865,6880
20200003,87,44396,6960
20200003,88,44945,7040
20200003,89,45495,7120
20200003,90,46045,7200
20200003,91,46595,7280
20200003,92,47145,7360
20200003,93,47695,7440
20200003,94,48245,7520
20200003,95,48795,7600
20200003,96,49345,7680
20200003,97,49895,7760
20200003,98,50445,7840
20200003,99,50995,7920
20200003,100,51545,8000
20200003,101,52095,8080
20200003,102,52645,8160
20200003,103,53195,8240
20200003,104,53745,8320
20200003,105,54295,8400
20200003,106,54845,8480
20200003,107,55395,8560
20200003,108,55948,8640
20200003,109,56520,8720
20200003,110,57095,8800
20200003,111,57670,8880
20200003,112,58245,8960
20200003,113,58820,9040
20200003,114,59395,9120
20200003,115,59970,9200
20200003,116,60545,9280
20200003,117,61120,9360
20200003,118,61695,9440
20200003,119,62270,9520
20200003,120,62845,9600
20200003,121,63420,9680
20200003,122,63995,9760
20200003,123,64570,9840
20200003,124,65145,9920
20200003,125,65720,10000
20200003,126,66301,10080
20200003,127,66900,10160
20200003,128,67500,10240
20200003,129,68100,10320
20200003,130,68700,10400
20200003,131,69300,10480
20200003,132,69900,10560
20200003,133,70500,10640
20200003,134,71100,10720
20200003,135,71700,10800
20200003,136,72300,10880
20200003,137,72900,10960
20200003,138,73500,11040
20200003,139,74100,11120
20200003,140,74700,11200
20200003,141,75300,11280
20200003,142,75915,11360
20200003,143,76540,11440
20200003,144,77165,11520
20200003,145,77790,11600
20200003,146,78415,11680
20200003,147,79040,11760
20200003,148,79665,11840
20200003,149,80290,11920
20200003,150,80915,12000
20200003,151,81540,12080
20200003,152,82165,12160
20200003,153,82790,12240
20200003,154,83415,12320
20200003,155,84040,12400
20200003,156,84675,12480
20200003,157,85325,12560
20200003,158,85975,12640
20200003,159,86625,12720
20200003,160,87275,12800
20200003,161,87925,12880
20200003,162,88575,12960
20200003,163,89225,13040
20200003,164,89875,13120
20200003,165,90525,13200
20200003,166,91175,13280
20200003,167,91825,13360
20200003,168,92475,13440
20200003,169,93131,13520
20200003,170,93805,13600
20200003,171,94480,13680
20200003,172,95155,13760
20200003,173,95830,13840
20200003,174,96505,13920
20200003,175,97180,14000
20200003,176,97855,14080
20200003,177,98530,14160
20200003,178,99205,14240
20200003,179,99880,14320
20200003,180,100555,14400
